"","athlete","times_before","times_after"
"1",1,9.09424303123411,9.78671929442825
"2",2,9.07538709348392,10.2273147954046
"3",3,8.7254942073366,10.2990932398882
"4",4,8.71739852409906,9.90710402406466
"5",5,8.30086642003206,9.96918494167814
"6",6,9.1801433746029,10.4500107791814
"7",7,9.23478025575225,10.4259989693236
"8",8,8.94265556332313,9.2403088486756
"9",9,9.43978283674087,9.4277562625203
"10",10,9.02934169670071,10.0145758737482
