"","athlete","times_before","times_after"
"1",1,8.8120638567773,10.4535343505353
"2",2,9.05509299726662,10.1169529709234
"3",3,8.74931141627699,9.81362782583746
"4",4,9.47858424064134,9.33559003384675
"5",5,9.09885233154461,10.3374792754429
"6",6,8.75385948476459,9.98651991729543
"7",7,9.14622871572855,9.99514292107032
"8",8,9.22149741153877,10.2831508632056
"9",9,9.17273440549605,10.2463663585294
"10",10,8.90838348385309,10.1781703963653
